name,type,direction,description
smi_00,string,,Generated molecule 0 sharing the input compound's exact molecular formula
smi_01,string,,Generated molecule 1 sharing the input compound's exact molecular formula
smi_02,string,,Generated molecule 2 sharing the input compound's exact molecular formula
smi_03,string,,Generated molecule 3 sharing the input compound's exact molecular formula
smi_04,string,,Generated molecule 4 sharing the input compound's exact molecular formula
smi_05,string,,Generated molecule 5 sharing the input compound's exact molecular formula
smi_06,string,,Generated molecule 6 sharing the input compound's exact molecular formula
smi_07,string,,Generated molecule 7 sharing the input compound's exact molecular formula
smi_08,string,,Generated molecule 8 sharing the input compound's exact molecular formula
smi_09,string,,Generated molecule 9 sharing the input compound's exact molecular formula
smi_10,string,,Generated molecule 10 sharing the input compound's exact molecular formula
smi_11,string,,Generated molecule 11 sharing the input compound's exact molecular formula
smi_12,string,,Generated molecule 12 sharing the input compound's exact molecular formula
smi_13,string,,Generated molecule 13 sharing the input compound's exact molecular formula
smi_14,string,,Generated molecule 14 sharing the input compound's exact molecular formula
smi_15,string,,Generated molecule 15 sharing the input compound's exact molecular formula
smi_16,string,,Generated molecule 16 sharing the input compound's exact molecular formula
smi_17,string,,Generated molecule 17 sharing the input compound's exact molecular formula
smi_18,string,,Generated molecule 18 sharing the input compound's exact molecular formula
smi_19,string,,Generated molecule 19 sharing the input compound's exact molecular formula
smi_20,string,,Generated molecule 20 sharing the input compound's exact molecular formula
smi_21,string,,Generated molecule 21 sharing the input compound's exact molecular formula
smi_22,string,,Generated molecule 22 sharing the input compound's exact molecular formula
smi_23,string,,Generated molecule 23 sharing the input compound's exact molecular formula
smi_24,string,,Generated molecule 24 sharing the input compound's exact molecular formula
smi_25,string,,Generated molecule 25 sharing the input compound's exact molecular formula
smi_26,string,,Generated molecule 26 sharing the input compound's exact molecular formula
smi_27,string,,Generated molecule 27 sharing the input compound's exact molecular formula
smi_28,string,,Generated molecule 28 sharing the input compound's exact molecular formula
smi_29,string,,Generated molecule 29 sharing the input compound's exact molecular formula
smi_30,string,,Generated molecule 30 sharing the input compound's exact molecular formula
smi_31,string,,Generated molecule 31 sharing the input compound's exact molecular formula
smi_32,string,,Generated molecule 32 sharing the input compound's exact molecular formula
smi_33,string,,Generated molecule 33 sharing the input compound's exact molecular formula
smi_34,string,,Generated molecule 34 sharing the input compound's exact molecular formula
smi_35,string,,Generated molecule 35 sharing the input compound's exact molecular formula
smi_36,string,,Generated molecule 36 sharing the input compound's exact molecular formula
smi_37,string,,Generated molecule 37 sharing the input compound's exact molecular formula
smi_38,string,,Generated molecule 38 sharing the input compound's exact molecular formula
smi_39,string,,Generated molecule 39 sharing the input compound's exact molecular formula
smi_40,string,,Generated molecule 40 sharing the input compound's exact molecular formula
smi_41,string,,Generated molecule 41 sharing the input compound's exact molecular formula
smi_42,string,,Generated molecule 42 sharing the input compound's exact molecular formula
smi_43,string,,Generated molecule 43 sharing the input compound's exact molecular formula
smi_44,string,,Generated molecule 44 sharing the input compound's exact molecular formula
smi_45,string,,Generated molecule 45 sharing the input compound's exact molecular formula
smi_46,string,,Generated molecule 46 sharing the input compound's exact molecular formula
smi_47,string,,Generated molecule 47 sharing the input compound's exact molecular formula
smi_48,string,,Generated molecule 48 sharing the input compound's exact molecular formula
smi_49,string,,Generated molecule 49 sharing the input compound's exact molecular formula
smi_50,string,,Generated molecule 50 sharing the input compound's exact molecular formula
smi_51,string,,Generated molecule 51 sharing the input compound's exact molecular formula
smi_52,string,,Generated molecule 52 sharing the input compound's exact molecular formula
smi_53,string,,Generated molecule 53 sharing the input compound's exact molecular formula
smi_54,string,,Generated molecule 54 sharing the input compound's exact molecular formula
smi_55,string,,Generated molecule 55 sharing the input compound's exact molecular formula
smi_56,string,,Generated molecule 56 sharing the input compound's exact molecular formula
smi_57,string,,Generated molecule 57 sharing the input compound's exact molecular formula
smi_58,string,,Generated molecule 58 sharing the input compound's exact molecular formula
smi_59,string,,Generated molecule 59 sharing the input compound's exact molecular formula
smi_60,string,,Generated molecule 60 sharing the input compound's exact molecular formula
smi_61,string,,Generated molecule 61 sharing the input compound's exact molecular formula
smi_62,string,,Generated molecule 62 sharing the input compound's exact molecular formula
smi_63,string,,Generated molecule 63 sharing the input compound's exact molecular formula
smi_64,string,,Generated molecule 64 sharing the input compound's exact molecular formula
smi_65,string,,Generated molecule 65 sharing the input compound's exact molecular formula
smi_66,string,,Generated molecule 66 sharing the input compound's exact molecular formula
smi_67,string,,Generated molecule 67 sharing the input compound's exact molecular formula
smi_68,string,,Generated molecule 68 sharing the input compound's exact molecular formula
smi_69,string,,Generated molecule 69 sharing the input compound's exact molecular formula
smi_70,string,,Generated molecule 70 sharing the input compound's exact molecular formula
smi_71,string,,Generated molecule 71 sharing the input compound's exact molecular formula
smi_72,string,,Generated molecule 72 sharing the input compound's exact molecular formula
smi_73,string,,Generated molecule 73 sharing the input compound's exact molecular formula
smi_74,string,,Generated molecule 74 sharing the input compound's exact molecular formula
smi_75,string,,Generated molecule 75 sharing the input compound's exact molecular formula
smi_76,string,,Generated molecule 76 sharing the input compound's exact molecular formula
smi_77,string,,Generated molecule 77 sharing the input compound's exact molecular formula
smi_78,string,,Generated molecule 78 sharing the input compound's exact molecular formula
smi_79,string,,Generated molecule 79 sharing the input compound's exact molecular formula
smi_80,string,,Generated molecule 80 sharing the input compound's exact molecular formula
smi_81,string,,Generated molecule 81 sharing the input compound's exact molecular formula
smi_82,string,,Generated molecule 82 sharing the input compound's exact molecular formula
smi_83,string,,Generated molecule 83 sharing the input compound's exact molecular formula
smi_84,string,,Generated molecule 84 sharing the input compound's exact molecular formula
smi_85,string,,Generated molecule 85 sharing the input compound's exact molecular formula
smi_86,string,,Generated molecule 86 sharing the input compound's exact molecular formula
smi_87,string,,Generated molecule 87 sharing the input compound's exact molecular formula
smi_88,string,,Generated molecule 88 sharing the input compound's exact molecular formula
smi_89,string,,Generated molecule 89 sharing the input compound's exact molecular formula
smi_90,string,,Generated molecule 90 sharing the input compound's exact molecular formula
smi_91,string,,Generated molecule 91 sharing the input compound's exact molecular formula
smi_92,string,,Generated molecule 92 sharing the input compound's exact molecular formula
smi_93,string,,Generated molecule 93 sharing the input compound's exact molecular formula
smi_94,string,,Generated molecule 94 sharing the input compound's exact molecular formula
smi_95,string,,Generated molecule 95 sharing the input compound's exact molecular formula
smi_96,string,,Generated molecule 96 sharing the input compound's exact molecular formula
smi_97,string,,Generated molecule 97 sharing the input compound's exact molecular formula
smi_98,string,,Generated molecule 98 sharing the input compound's exact molecular formula
smi_99,string,,Generated molecule 99 sharing the input compound's exact molecular formula
